id,demand
8709,2.3985549112843163
8710,3.018384507477937
8712,4.826757996208147
8713,5.339530025384559
8714,5.634877319392289
8715,5.742509835618161
8716,5.942465841503332
8717,5.9815429592580065
8718,5.923662602796811
8719,5.876993870934245
8720,5.997631923321872
8722,5.404293684870318
8724,5.316559263262558
8725,5.279979878327145
8726,5.1437297636682535
8727,4.864659819567614
8728,4.37991300823411
8729,2.711874811211418
8730,2.0529820483087335
8732,1.8834134885653617
8733,3.211019330595131
8734,4.735280554626878
8735,5.420920785592133
8736,6.038437780088796
8737,5.251612310179858
8738,4.8383202419426565
8739,5.0456464212745
8740,5.161248929063537
8741,5.162231324103903
8742,5.006309069537632
8743,5.061144034575933
8745,6.288826921765492
8746,6.297429590311711
8749,5.343411864599336
8750,5.011467089313164
8751,4.4057140480942625
8752,3.607504622845702
8753,2.809023277833312
8754,1.9638823682960986
8755,1.9272609676596424
8756,1.5420613646992418
8758,4.713265315675692
8759,5.710679749117698
8760,6.017019130634477
8761,5.338212736952437
8762,4.740403429520793
8763,4.94204761748716
8764,5.124011180422432
8765,5.035497150611508
8766,4.978647948375474
8768,5.587996716771699
8769,6.279991194473225
8770,6.297318917862598
8771,6.002780821296567
8772,5.55858116463991
8773,5.320838914901251
8774,4.7985730090814975
8776,3.4396002525422333
8777,2.567864817455011
8778,1.864845942923849
8781,2.989552046925301
8782,4.66926975285416
8783,5.41946679922745
8784,6.0771014552186635
8785,5.208653572740718
8786,4.923477546185509
8787,4.948827645450508
8789,5.212605564629711
8791,5.068558480917087
8792,5.610765300148801
8793,6.2176141431450365
8796,5.6572524929295955
8797,5.455357752406518
8798,4.998536948904281
8799,4.326683500357819
8801,2.7129918204300507
8802,1.6508839154983286
8803,1.6734155307037195
8804,1.7362652500621263
8805,2.8613728644987653
8806,4.738307818137777
8807,5.627968710799134
8808,6.0642051259032375
8809,5.261753805923085
8810,4.711310605784753
8811,4.886485682472185
8813,4.9772259317161405
8814,4.9701138869550565
8816,5.492176211214079
8817,6.331974828224646
8818,6.259452729957444
8819,5.926829907928326
8820,5.701207536878736
8821,5.410645247902304
8824,4.026705656864342
8825,3.021478297656397
8826,1.7635062476957455
8827,1.7202690981607127
8828,1.5859179753077512
8829,2.4644911662553906
8831,4.968862231737571
8832,5.383900477231513
8833,5.02054105414395
8834,4.299627727214445
8835,4.806185483338681
8836,5.3356572152980855
8837,5.305136250123569
8838,5.061593361553899
8841,6.310936355025621
8842,6.309590105973533
8843,5.9138862065577396
8844,5.643190659437688
8846,5.013043390731139
8847,4.835987586913143
8848,4.939847762083295
8849,4.544146273818152
8851,3.262600546989104
8852,1.9936584052798096
8853,2.7766722244400337
8854,3.128419616827878
8855,3.7754915513710343
8856,4.590684141317318
8859,5.618257111205963
8862,5.711802450860968
8864,5.831904706977145
8865,5.827321732002158
8866,5.7961602268375305
8867,5.334348057469271
8868,4.572768610814757
8870,4.714730973769345
8871,4.371651689532844
8873,4.394102954761626
8875,3.3943105631528816
8876,2.103677634831613
8877,2.2209311851426947
8878,3.217895151014969
8879,3.9471833150292146
8880,4.812397365247325
8881,5.392654778673549
8883,5.866402346890663
8884,5.980897732295987
8885,6.0423015177854476
8886,5.947344243113467
8887,5.999553232508436
8888,6.055832804615833
8889,6.01320593310276
8890,5.918319366409478
8891,5.616249263529922
8892,5.507356383599302
8893,5.382361271068221
8894,5.1690558952072045
8895,4.990138691298999
8899,2.0118590721934413
8901,3.294849641736917
8903,5.7628993523547365
8904,6.120543813138532
8906,4.778596304660172
8908,5.171025125029124
8910,5.045020172039752
8911,5.168400343487974
8912,5.580922905347006
8914,6.329167621966447
8916,5.649003346526906
8917,5.4160850769747535
8918,5.068222166535306
8919,4.447882059574744
8921,2.798719749106843
8922,1.7970878482811998
8923,1.8139932977491935
8924,1.605667790920205
8925,2.9956822109496257
8927,5.676769315607965
8929,5.338212736952437
8931,5.085043805177783
8933,5.113975988973637
8934,4.976224000019485
8935,4.974352243556705
8936,5.547636618871935
8937,6.13503944928744
8938,6.297140193621248
8939,5.99838744402671
8940,5.596124218874363
8941,5.311135806678801
8942,5.0121108620226025
8943,4.4031741360694925
8944,3.4058396498409973
8946,2.436701988888683
8947,1.5058272802708816
8949,3.256040698308094
8950,4.6828719702569535
8951,5.730651152622312
8952,6.091072378318977
8953,5.312124215386883
8954,4.910589541655811
8955,4.984142326044331
8956,5.1808959082277894
8957,5.308546521511882
8958,4.999945908823263
8959,5.128129659116423
8960,5.7059205982110965
8962,6.3281156633001965
8963,5.914783454871772
8964,5.66397828560037
8965,5.456097233910364
8966,5.120630218923911
8967,4.382487774070862
8968,3.723795380533975
8969,2.674966441005718
8970,2.0872430310246672
8971,1.4297458380578671
8973,3.3428335672951524
8974,4.755823894594824
8976,6.15276982675403
8979,5.05824225634791
8980,5.363575001465917
8981,5.19545929568431
8982,5.0397438390230604
8983,5.158961152951101
8986,6.343619144888571
8987,6.019021677691122
8989,5.432741448675004
8990,5.0330053839074465
8992,3.561044201881055
8993,2.185321314240005
8994,2.223281037677354
8997,2.883131004902528
8998,4.331918155205951
8999,5.157346920647565
9000,5.616692342102183
9001,5.108360741483891
9002,4.201858131423168
9004,4.746089240130758
9005,4.495308531784968
9006,4.4027274384107615
9007,4.452164239132552
9008,4.893314387615611
9009,5.772486936426051
9010,5.414250289142218
9011,4.948724925984849
9012,4.250289164249148
9013,4.230686516962759
9014,3.599252996194559
9015,3.3128031485630207
9016,4.841769247412146
9017,4.539826006111055
9018,4.110265183742699
9020,2.1692504370059145
9021,2.7059183558965483
9022,3.410031413353652
9023,3.768118325128216
9025,5.132970843926469
9026,5.510994224246636
9027,5.641261754841402
9029,5.829898124509359
9030,5.750497095464696
9031,5.775308058090424
9032,5.895268837689968
9033,6.001071159412382
9034,5.908932395202422
9035,5.541971843222434
9036,5.460378825838424
9037,5.120008423021827
9038,4.867824201240297
9040,5.169197018218651
9041,4.410903649831239
9042,4.127470677887603
9043,3.750373018588622
9044,2.1093198953103522
9045,2.0226851364546423
9046,3.165749175782643
9048,4.71996532842424
9049,5.315706545968117
9050,5.520748442431898
9051,4.986133104673255
9052,5.472548310141101
9055,5.8141818243691725
9056,5.825102156920637
9057,5.743235813303305
9058,5.669078570920686
9059,5.589047099219666
9060,5.360640405835433
9062,4.990077072215372
9063,4.85212664230553
9064,5.438458865670838
9065,4.323799985665334
9066,4.262611456897036
9067,3.659039980698279
9068,1.9580144423072818
9069,2.289915783171315
9070,3.079636366837733
9071,4.063876300600556
9073,5.296103088913355
9074,5.569850212717966
9075,5.623974830765178
9076,5.839224249675945
9077,5.815301492745919
9078,5.720979462081227
9079,5.763739489693767
9080,5.888954614896495
9081,5.926640352493913
9082,5.928132062546544
9084,5.4395312773744475
9087,4.970585237453459
9088,4.723006760200972
9090,4.1805367598745775
9091,3.579765251305399
9092,1.3599274146253217
9094,2.054853894134138
9096,4.5460180436568365
9097,5.1571265188855895
9098,5.399032785034883
9099,5.8739248793842895
9100,5.909769137894382
9101,5.632656181869985
9102,5.412462566391177
9103,5.8297815798798
9105,6.032195797076274
9106,5.804364273106467
9107,5.457818917724073
9108,5.280389593487041
9111,3.5843265136376266
9112,4.287685082106568
9114,4.0760575986828975
9115,2.092617221157603
9116,1.3079717776105153
9117,2.868590787106909
9118,2.0563681722086304
9119,3.867011385666341
9121,5.092549961295777
9123,5.8787113199893835
9124,5.993843139110945
9125,6.0200221032243295
9126,5.899338584080931
9127,5.988506189513121
9128,5.937999391517253
9129,5.88729881795706
9130,5.903015247190588
9131,5.773753418222239
9132,5.44421858118303
9133,5.3945198344844725
9135,4.737604627288883
9136,4.052305653382422
9137,2.4801997339422046
9138,1.832071947212847
9139,1.614204664664517
9140,1.6466384492899677
9141,2.9399743944802803
9142,4.73802466963644
9143,5.555564723058974
9144,6.012713651321073
9145,5.287062694879035
9146,4.717565912965699
9147,4.970180021472231
9148,4.7288614803808136
9149,5.028933989657212
9150,4.992794732537373
9151,5.038703019586334
9152,5.569181255599499
9153,6.304673953038909
9154,6.264300343612071
9155,6.036623765421897
9156,5.664121372967347
9157,5.292775651756542
9158,4.921589722013632
9159,4.451461169472692
9160,3.781879783393911
9163,1.4708062448011754
9164,1.9750019189535806
9165,2.9900900111713584
9166,4.571479436746046
9167,5.691610818038105
9168,6.02958150567277
9171,5.0372542664039806
9172,4.591199316130448
9173,5.021839045890744
9174,4.914165596351372
9175,4.771966901552738
9176,5.630386065165934
9177,6.3281451470509555
9178,6.2714456999509425
9179,6.009298860550659
9180,5.513951417194526
9181,5.4251772945024115
9182,4.972315350315263
9184,4.104341709436714
9185,2.181150825103372
9186,1.8326499627310011
9187,1.9144802439162365
9188,1.810138180852361
9189,3.018062241645203
9190,4.94167719992813
9191,5.732099188964273
9192,5.700456439912891
9195,4.476081773952285
9196,4.959629173386808
9197,4.780264661349015
9198,4.98838392994082
9201,6.3278117982749995
9202,6.344374260609568
9203,5.939439051815846
9204,5.5641914173719185
9205,4.853340423631778
9206,4.462178680003464
9207,4.055644943376247
9208,3.3713508526182454
9209,2.513024166035436
9211,2.618464941271639
9212,1.8615512293220942
9213,3.429366760342907
9214,4.637142211954339
9215,5.658196879383171
9216,6.119186626647041
9217,5.320615028227456
9218,4.838054512474526
9219,5.205661352722347
9220,5.222400501858896
9222,4.974027818563908
9223,5.0869120972870085
9224,5.468607207724502
9225,6.356428617825993
9226,6.315893944208525
9227,6.080627417362463
9228,5.628616546897347
9229,5.277138693450612
9231,4.3408749741159935
9232,4.767221205845521
9233,4.314156837559323
9235,3.670937124828373
9236,1.3476392566616893
9238,2.867469947044104
9239,3.803091551458093
9240,4.603906764005224
9241,5.103172248898266
9242,5.440231333242611
9243,5.603564880366456
9244,5.848045761447477
9245,5.80827006161102
9246,5.710598396247584
9247,4.259233812924693
9251,4.7355678510868735
9252,4.839180157294201
9253,4.922425303859023
9256,5.19875497076272
9257,4.33200188444598
9258,4.325348895950702
9259,3.3445729406178804
9260,0.1306175525545177
9261,1.666935684299164
9262,2.723992577904033
9263,3.714115612656108
9264,4.599154635709298
9265,5.305320010513438
9266,5.564351680064075
9267,5.819873768287876
9268,5.880514149396497
9269,5.992899437610511
9270,5.86616839892503
9271,5.943161350332377
9272,6.046547028871564
9273,6.032158379132818
9274,5.796295826781078
9275,5.611550407101034
9276,5.49206828978836
9277,5.336865296832077
9281,2.4802294515009495
9282,2.2474912259945223
9283,1.9827466940195755
9285,3.382652911794915
9287,5.6586151961548605
9289,5.344906547323498
9290,4.879301387170743
9291,5.163505427916548
9292,5.279381247843902
9293,5.262290370763563
9294,5.218170850432476
9295,5.174282166543261
9296,5.682730461582956
9297,6.3669692751235365
9298,6.290251582751331
9299,6.017685540097524
9300,5.664293245908518
9301,5.190033703591533
9302,4.973298537001383
9303,4.356761191585691
9305,2.4274578974717675
9306,1.96012336545844
9308,1.5377741846379478
9309,3.3316464652832813
9310,4.556084382924978
9312,5.999113180740769
9313,5.377540512959375
9314,4.819106091984312
9315,5.152635499071973
9317,5.167705391903467
9318,5.214923254246299
9319,5.193138421219988
9321,6.375746729576069
9322,6.315716203665232
9323,6.02682003445634
9324,5.468189574554771
9325,5.072490333712391
9326,4.785343697844789
9327,4.230045044439451
9329,2.463123694655559
9330,0.9854785146526267
9331,1.5562040568477133
9332,1.4573019533928404
9333,3.15598618050999
9334,4.671094189267302
9335,5.583644051939352
9338,4.853767790300148
9339,5.148266970009982
9340,5.25356266812297
9341,5.275401743125791
9342,5.218331276049244
9343,5.1585103830940024
9344,5.724217073667736
9345,6.3721442031331845
9346,6.294943475192573
9347,6.021980840067298
9348,5.618624659483789
9349,5.401967701933058
9350,4.9114485899853175
9353,2.3380651603547338
9354,2.0964770063088918
9355,1.8839243654483642
9356,1.5965826854746537
9357,3.4223423664583708
9358,4.789326567132746
9359,5.67784824144403
9360,6.083243615797996
9361,5.310321661048307
9363,5.168126487037431
9364,5.361820987334199
9366,5.174964996400694
9367,5.169358930374979
9369,6.256677358197927
9371,6.023117315544921
9372,5.5941252332323055
9373,5.368137496370229
9374,4.987661070730569
9375,4.1383488977048035
9376,4.0292628534839725
9378,2.5846450179900575
9379,2.219529637770979
9380,1.5606028491863262
9381,3.4299618248302064
9382,4.609808249692908
9383,5.605909560920816
9386,4.848683182619211
9387,5.101821467551504
9388,5.413166679494184
9389,5.382024330254321
9391,5.138691297999611
9392,5.692734310685526
9393,6.411344328942723
9394,6.330232381234228
9395,6.0690292040961324
9396,5.6317851421047775
9397,5.221136898886488
9399,4.671571648637151
9400,4.950972331174065
9401,4.338155337826052
9402,4.172337701359872
9403,3.634292626777553
9404,1.5632421445102467
9405,2.322234200506468
9406,3.6053885588189116
9407,4.437748497353909
9408,4.874429314493015
9409,5.288835037508549
9410,5.556586153375292
9411,5.6271551828634845
9412,5.74322207679322
9413,5.851260581425455
9414,5.694688398064712
9415,5.731949449004458
9416,5.891863755507582
9418,5.83264647421806
9419,5.541471600821748
9420,5.454232032387697
9421,4.831865354509137
9422,4.6692469163551
9423,4.649331848996253
9424,5.000259480308422
9425,4.289929566113728
9426,4.281241093033728
9427,3.3074640195333296
9428,0.14155496613885285
9429,1.7818074831966626
9430,2.8166422909129216
9431,3.795446272576642
9432,4.691016144062789
9434,5.679288713680562
9435,5.819873768287876
9436,5.882985746261206
9439,5.942526358386934
9440,5.994537066248892
9441,6.009601427803821
9442,5.806543851947618
9443,5.613850108842222
9444,5.439640622887968
9445,5.265415822311902
9446,4.870504649136616
9447,4.750736653774718
9448,4.158400334088359
9449,2.467045415197804
9453,3.361715650259397
9454,4.668359273188629
9455,5.545763431721585
9457,5.311542713006426
9458,4.847995436558829
9459,4.99174565748404
9460,5.231769257107841
9461,5.218645371263568
9463,5.171164256505655
9464,5.657887867008246
9466,6.277039124231197
9467,5.852412019344046
9468,5.487373048640444
9469,4.850775725972934
9471,3.3786136059233933
9472,2.9447416845589265
9473,1.731071568127878
9474,1.1416546996309935
9476,1.5539980284739179
9477,2.857939157374373
9478,4.716210238531293
9480,6.00086462493072
9481,5.336618018025
9482,4.68289155526956
9485,5.021300024685644
9486,3.0811666653119634
9487,4.184322536019798
9488,4.376295308049104
9489,5.384276538395963
9490,5.775283443086359
9491,5.4651366542845485
9492,4.785725934569083
9494,4.288842931673151
9495,4.207404754555384
9496,3.8374663971532863
9497,2.478548811341252
9498,0.9886264060939591
9499,1.450261968728201
9500,1.4012047937366692
9501,2.910106505840952
9502,4.638508177947243
9504,6.040669577753273
9507,5.142497061052434
9508,5.267906826168781
9509,5.278555016240295
9510,5.2118096178689575
9511,5.173133114599662
9513,6.367909292298611
9514,6.191734049633543
9516,5.370876625126538
9517,4.905392490143948
9518,4.707745862772111
9519,4.3480691067846955
9520,4.256444843488643
9521,2.3717999586692162
9522,1.487054725612306
9523,1.7451959106673716
9524,1.5787266999472624
9525,3.2523640356553836
9526,4.662974143013998
9527,5.339382280547839
9529,5.253034990813972
9530,4.891440499192766
9531,5.023087877804918
9532,5.308401173072667
9534,5.177013985761338
9535,5.271743123538491
9537,6.093120640197067
9538,5.698905000947522
9539,5.723044969814009
9540,5.194372727781521
9541,5.120610571734869
9542,4.487881525680975
9543,3.9972642473787103
9544,4.207592816257311
9545,2.5575583691963377
9546,1.8421374577136223
9547,1.7267345005028245
9548,1.6581199287766908
9550,3.6711121899252714
9551,4.57527695831134
9554,4.391062536559406
9556,4.203074882444535
9558,4.269081395093521
9559,4.7077004932055955
9560,4.752875699257315
9561,5.5359075292714985
9562,4.8819375253322255
9563,4.618804576279943
9564,4.445218139224225
9565,4.328687525014278
9566,4.689160107398691
9567,4.156202695278112
9568,4.281411555395365
9569,2.3959890692022805
9570,1.350872281055672
9571,1.1101195715661796
9573,2.9198849755773217
9574,4.530496074819744
9575,5.480669311422859
9576,5.94974458601526
9578,4.699138959274488
9579,4.70885188220873
9580,5.110477950979906
9581,4.990327397872094
9583,5.212839508621902
9584,5.719094820354659
9585,6.399775512052404
9587,5.7880655876742955
9588,5.5139105800474955
9589,5.303148458604857
9590,4.90472234788241
9591,4.30046418810464
9592,4.536937077580714
9593,2.339660709201888
9594,1.2040827565824366
9595,1.6773762614184178
9596,1.7064061582357735
9597,1.5317456621632866
9599,5.472121747880627
9600,6.059879291945673
9601,5.2242602233613855
9602,4.3708577671039714
9603,4.845018576010027
9605,5.262432010415743
9606,5.21323229765609
9607,5.196803205982871
9609,6.242629096610196
9611,5.857051530900781
9613,5.29908420075462
9614,5.0116415240556185
9618,1.9287238973150704
9620,1.546583495718237
9622,4.725085541893079
9623,5.581032571438693
9624,6.128631190611304
9625,5.377885050336264
9626,4.86587687223161
9627,5.0461952406826445
9629,5.374359952736145
9630,5.237136504345732
9631,5.274615249885344
9633,6.387036126036292
9634,6.317649679736413
9635,5.74197668734614
9636,5.448245974446011
9638,4.88527451638093
9639,4.555231002082978
9640,4.839127583994908
9641,4.316108069957837
9642,4.151607704646501
9644,2.0294063874806856
9645,2.47761434859975
9647,3.8874199942018897
9648,4.711416652929611
9649,5.073358938093974
9650,5.495743336663398
9652,5.906924054919554
9653,5.791521494157921
9655,5.8035582897237985
9657,5.712025918392129
9658,5.376898586731252
9660,4.996181839448341
9661,4.558444618729804
9662,4.469860847274535
9664,4.973369771051266
9665,3.6857548396707513
9666,4.03257570427765
9667,3.1641695477295815
9668,2.052115807899495
9669,1.862453492713013
9670,2.8270416154502502
9671,3.8232877026996595
9672,4.652560016140917
9673,4.924472555510271
9674,5.3311839548685755
9675,5.51620231305881
9676,5.591022160561769
9677,5.481440045026639
9678,5.270560714843255
9679,5.045796960658175
9680,5.211986747548581
9681,5.29794927120488
9682,5.07646281485712
9683,4.99070380526359
9684,4.741784515731827
9685,4.375042385159924
9686,4.360691974093333
9687,3.607410500496803
9688,4.502149028912897
9689,3.2298632594437016
9691,1.6385515424525505
9692,1.8898558672890553
9694,2.9688319393541063
9695,3.4639716043984565
9697,5.038638865081924
9698,5.2490488593452325
9699,5.344681804244861
9700,5.534748843320359
9702,5.283634103334094
9703,5.216967261845973
9704,5.459665696367806
9705,5.560498611269128
9707,5.214534797852435
9708,4.8138464504207406
9709,4.650232945434704
9710,4.2533251985738625
9711,3.6795377169431247
9712,4.030320553911008
9714,1.0011674383639162
9716,1.3423159254435644
9717,2.9965132688653933
9719,5.310510843237621
9720,5.897578137994812
9721,5.195177167406629
9722,4.794662787868223
9723,4.818985938709461
9724,4.9927010318332545
9725,4.904920741844073
9726,4.752624108950459
9727,4.901667153482485
9728,5.493578324783981
9729,6.241280421566792
9730,6.075549539039227
9731,5.6166134020175
9732,5.313484281081978
9733,5.020152759865832
9734,4.611382436850477
9735,3.796972745376691
9738,1.0800177393386088
9739,1.2486696787772382
9740,1.4540950502197114
9741,3.0066194383646696
9742,4.500162705848263
9744,5.969905514470269
9745,5.310376470001156
9747,4.925478361817292
9748,5.1309554666333534
9749,5.0863481601259055
9750,5.20173403882178
9751,5.230277878689727
9752,5.747179721734475
9753,6.303589183314008
9754,6.207562638020115
9755,5.623065599791947
9756,5.318240168135909
9757,5.023100474360505
9759,4.028368850233583
9760,4.761676375987922
9761,2.2079421727763195
9762,1.6108097538843054
9763,1.128284161186741
9765,3.19728618419749
9766,4.528793425702728
9767,5.14639133212992
9768,5.574375875337898
9770,4.941757106672819
9772,5.072471429610047
9773,5.008835371286128
9775,5.022915916982806
9776,5.3526371487600874
9777,6.20673752503626
9778,5.988203497113977
9779,5.470241121416739
9781,4.939823746560714
9782,4.56865442471857
9783,3.9886209409310442
9785,2.5462035756025627
9786,1.862576422071457
9788,1.4575616183977629
9789,3.214939309623988
9790,4.630934455494818
9792,5.920898211454183
9793,5.274456779510033
9794,4.923160398079209
9795,4.94927397631918
9796,5.1996927925772
9797,5.1485521898372175
9799,5.145058250390582
9800,5.407577443063882
9802,5.877775230038376
9804,5.229039242665803
9805,4.84762883535684
9806,4.665136221171252
9807,3.9770655419386145
9808,4.29183436998527
9809,3.9851306278477496
9810,3.6959095859287174
9811,2.412363218715259
9812,2.1696093615996794
9814,3.2428638131507124
9816,5.151325321920231
9817,4.903920936127118
9819,5.363423676152219
9820,5.565873319625913
9821,5.4766527381655274
9822,5.4355298178745475
9823,5.37182001684461
9824,5.59800413187293
9826,5.309481958820429
9828,4.875496717095963
9830,4.370669990399881
9831,4.179599231902561
9832,4.686652356876787
9834,3.9149946637787014
9835,2.7987804369338134
9836,2.1617383978290774
9837,1.9055751229760853
9838,2.6472546398056136
9839,3.809620779421142
9840,4.346402269623264
9841,5.155108763016146
9842,5.242008556859085
9843,5.417242350975346
9844,6.107768275662221
9845,5.9757257135991155
9846,6.119811892656275
9848,6.065078785796746
9849,5.990469692132855
9850,5.65911498936425
9852,5.050975116062413
9853,5.0659731703348045
9854,4.9804253775775065
9855,4.7385407537338144
9858,1.9773423263801064
9859,1.6236909972649138
9861,2.989689660373429
9862,4.686066622155425
9863,5.648305341000099
9864,6.116886714009154
9865,5.207060541453219
9868,4.718537102097695
9869,4.603575019219833
9870,4.7670266121142175
9871,4.967127941272791
9872,5.627587692865627
9873,6.2745321386112
9874,5.611051039334268
9875,5.0762653648388305
9876,5.366607866868625
9877,5.087409042835449
9878,4.802238627438739
9879,4.115704046915953
9880,4.266726065188432
9881,2.564737731195202
9882,1.5581288647170601
9884,1.5427063437583695
9885,3.349774748314511
9886,4.607942260719687
9887,5.372282728545092
9888,5.883517758788587
9889,5.182173507430064
9890,4.895599886686529
9891,5.0337035820782425
9892,5.110328606188742
9894,4.956528562768809
9895,5.09004656231081
9896,5.5923709653835365
9897,6.222272458131494
9898,6.04199741821194
9900,5.2249275918795295
9901,4.8755159593646225
9902,4.397008706241117
9903,3.7023031049568216
9904,3.9731094896726313
9905,2.2354189092627053
9906,1.0097346911569374
9907,1.210468606089073
9908,1.6720182159734405
9909,2.9977583239812264
9910,4.642190065183457
9911,5.129613889487344
9913,5.289541849706443
9914,4.817035888638629
9915,4.941061091666408
9916,5.053053157158202
9917,5.0305034924316985
9918,5.022082217129883
9919,5.201669602039694
9920,5.647001846723442
9921,6.26987987155552
9922,6.160156535131521
9924,5.318671427970766
9925,4.8846909976502655
9927,3.5665251223167265
9928,3.279854951480035
9929,2.1219842650617635
9930,1.309016898901966
9931,1.6728167950701132
9933,3.3876094562426555
9934,4.669212159703461
9935,5.557345023713996
9937,5.244531798448382
9939,4.884045806605421
9940,5.308539661573361
9941,5.35573808576079
9942,5.161851544132279
9943,5.2325275557799635
9944,5.592388695698462
9945,6.209977653107936
9946,6.229820610928341
9947,5.761372045151703
9948,5.363998548936496
9949,5.156643842001906
9950,4.650590672213681
9951,4.155685025733314
9952,3.9328741111682746
9953,2.240449080376233
9954,1.3524068775978118
9955,1.6749124939984994
9957,3.005492211125283
9958,4.079857763739806
9960,6.059722795436232
9961,5.161991481831463
9962,4.491577194743045
9963,4.592787497633833
9964,5.034046711857797
9967,5.276310201506253
9968,5.622905642528028
9970,5.947662063417432
9971,5.146300771639006
9972,5.383363103574517
9974,4.517233298385699
9975,3.991648356547868
9976,3.4372027313735747
9977,1.960236468336232
9978,1.9108674463578614
9979,0.7804282026105669
9983,4.94509768800774
9984,5.413396801145117
9985,4.156177106303435
9986,3.7424739619480327
9987,3.769368363887382
9988,4.6029935231737555
9989,4.811268166770301
9990,4.825271902355026
9991,4.829734470938555
9993,5.636680604160166
9994,5.84529940807911
9995,5.299262570332954
9997,4.633835133010814
9998,4.2144100516784935
9999,3.875314443456099
10001,2.0415504411915104
10002,2.205033316125356
10003,1.142692650565368
10005,2.9157850974679707
10007,5.559999181387314
10008,5.91377591054462
10009,5.122335682518713
10010,4.869837981763316
10011,4.9323437638336864
10012,5.077041757601489
10013,5.054051074577128
10014,4.9917524616658735
10015,5.020269631977809
10016,5.265002972566747
10017,5.962341795126125
10018,5.669258827740203
10019,5.309074733281063
10020,4.71387904447275
10021,4.559342836297626
10023,4.114142860136727
10024,4.588598881819174
10025,4.501419157109128
10026,3.219627784900144
10027,2.788737247402878
10028,1.802188029318107
10029,1.1217472246452165
10030,3.3424404373605654
10031,4.4347711209422735
10033,4.853275665237792
10035,5.046664589546512
10036,5.172268679487335
10038,4.8827993791139
10039,5.063168516859696
10040,5.122598866543226
10041,5.536956002743515
10043,5.0279550882704465
10044,4.569240066709984
10045,4.53741981232787
10046,4.210095071502164
10047,4.0268634405366885
10051,2.4171578985014204
10052,1.9829990896677918
10053,0.6931471805599458
10054,2.188884589203519
10055,3.7309460018762217
10056,4.509056850906095
10057,4.65684536601143
10058,4.907087561585769
10059,5.34829048580452
10061,5.522039272203082
10063,5.534197693653919
10064,5.51816527880681
10065,5.533844160065286
10068,4.386269962135773
10069,4.468119563770859
10070,4.501233392444027
10072,4.082295975377315
10073,1.8936131510987544
10074,2.1190200254020337
10075,0.9931817643700412
10076,1.7730571707007892
10077,2.9386538506232562
10078,4.419989400846902
10079,5.402556858686471
10080,5.861122682267503
10082,4.891976194449383
10083,4.800814321879765
10084,5.018645485073119
10085,4.748702229812485
10086,5.095019949923468
10087,5.113637526478168
10088,4.9991262160291345
10091,4.998859298360074
10092,4.669588361539629
10093,4.429744626877204
10094,4.465945192757727
10095,4.018976098704189
10096,3.815163854868623
10097,1.829610104280429
10098,1.8067885151029268
10099,0.8687835202620598
10100,1.7491365394990237
10102,4.431522253032633
10103,5.402351871006356
10104,5.8027553971071155
10105,5.178880307236279
10106,4.89686186771452
10107,4.854480686516215
10108,4.9882730677823055
10109,4.6263191861800435
10111,4.733908251071056
10112,4.976906264496891
10113,5.743602755835892
10114,5.52292869905137
10115,4.846574011650504
10116,4.101639168342905
10117,4.295849335047839
10118,4.484277342883425
10119,3.9469227121602533
10120,4.2689147572863995
10122,1.7990103700139488
10123,1.044703112933741
10124,1.7744721663235261
10125,2.930303686192811
10126,4.428667588336561
10127,5.30004646106583
10129,5.3316123138763984
10130,4.673486555771708
10131,4.799850273339261
10132,4.9853714407049905
10134,4.573393767108744
10135,4.595162813903095
10136,5.0525159884602795
10137,5.75340500259647
10138,5.66266302307782
10140,4.796571533677112
10141,4.611634404885158
10142,4.299241166946001
10143,3.8803142580933665
10144,3.508027992809472
10146,1.989681853826735
10147,1.529584865155891
10148,2.97186503419326
10149,4.378618137951381
10150,5.118377146047301
10151,5.368925434373475
10152,4.865068002334976
10154,4.623244595391373
10155,5.029636536593958
10157,4.986647200028428
10158,5.025628610156964
10159,5.386396691194408
10160,5.973996665414222
10162,5.144334309394464
10163,4.999384879052227
10165,4.48323115075229
10166,3.8783784892691244
10167,4.420236875684159
10168,1.9919546399585508
10169,2.2548934506705085
10170,0.9583854709850589
10171,1.376977856422662
10172,2.9136847791135083
10173,4.430306222411759
10174,5.502304438018482
10176,5.260681293343463
10178,4.852773257408841
10179,5.07115961995455
10180,5.072155822744549
10181,5.025372193432611
10182,5.042598549057755
10183,5.396569940333396
10184,5.998221369764696
10185,5.760878813231355
10186,4.822063898170669
10187,4.394298733795611
10189,4.387289510308912
10190,4.031130465898139
10191,4.254902240650198
10192,4.621899980739884
10193,3.2109267351446067
10194,2.3456950712025857
10195,1.8709873010477238
10196,1.1762061560286166
10197,3.0749854666503897
10198,3.8431374183764753
10199,4.626313281287189
10200,4.528495654732129
10201,5.235892678695991
10202,5.181938086268384
10203,5.574363608669852
10204,5.498092220051718
10205,5.541938909477243
10208,5.595309697002113
10209,5.3844655735767
10210,5.261077785354058
10211,4.921429254621276
10212,4.523443706498945
10213,4.255855256889898
10214,3.9340545217170533
10215,4.226708604806017
10217,3.6207785365941714
10218,2.250796208207091
10219,1.980189118798343
10220,0.9565431091727251
10221,2.0863160173755317
10222,3.957373159583115
10223,4.603813612465852
10224,4.932477591743599
10225,5.281304955217917
10227,5.809507422106992
10228,5.87569157074002
10230,5.903613843641316
10231,5.8578022303949515
10232,5.586404632878134
10233,5.314752401794342
10234,5.225370578039563
10236,4.721095079029546
10237,4.439246030954305
10239,4.74055360482025
10240,3.0176144237755587
10241,2.881345020635064
10242,1.8031018034387716
10243,1.9683210412872736
10245,3.2799289129142903
10246,3.993972759413667
10247,4.892696501171422
10248,5.125980178739302
10249,5.173370823794582
10250,5.278786336625083
10251,5.643865911736302
10253,5.640351459953928
10254,5.486066513513972
10255,5.7002390102616145
10256,5.527900729357879
10257,5.288502245899637
10260,4.659697863996957
10261,4.572921262995377
10263,3.8706323098605653
10265,0.9156935133880414
10266,1.3889276208195773
10267,1.880786333011298
10268,2.952353755367838
10269,3.7218124623336837
10271,5.2871753466804785
10272,4.576233479738577
10273,4.395423602090492
10274,4.55058692593341
10278,5.068529078985714
10280,5.735531020007414
10281,5.588229638485217
10282,5.00763307661774
10283,4.640528647673101
10284,4.499513292503223
10285,4.4464689194428795
10286,3.9479763173168316
10287,4.127912691167103
10288,1.6603226551086447
10289,1.5255269599451682
10290,0.926575098335085
10291,1.771229721312876
10292,2.7919091275134327
10293,4.441904242202497
10294,5.430944243092824
10295,5.864110594293615
10296,5.239884011225793
10297,5.049919027770732
10300,4.813164685737354
10301,4.771723411444761
10303,5.058476772980447
10304,5.71613992983065
10305,5.66259855551373
10306,5.113550461361715
10307,4.660742047274574
10308,4.40496042093816
10309,4.315719866688469
10310,3.890887478343
10311,3.866632877100435
10312,1.6857883229223205
10313,1.8629083249887475
10314,1.1150827212801113
10315,1.5253591593957796
10316,2.97186503419326
10317,4.330960794666821
10318,5.196271736652783
10319,5.38707288528015
10320,4.900311479321626
10322,4.21147006642384
10323,4.613689840988977
10324,4.725440831800115
10325,4.710230162882464
10326,4.618564527520417
10327,4.451934762801386
10329,5.391520262725153
10331,3.9277273617582353
10332,4.048117752346382
10333,4.188646941070807
10334,3.853741880201054
10335,3.997351749837264
10336,1.905666481269108
10337,2.0828805209722088
10338,1.104633484271969
10339,1.4311711156304565
10340,2.9157850974679707
10341,4.439451216651869
10342,5.37450833965627
10343,5.913314733723671
10344,5.122335682518713
10345,4.723891451182238
10347,5.061338642732758
10351,5.33984113423634
10352,5.758629641048717
10353,5.563392598246915
10354,4.889391659277056
10355,4.686933597288521
10356,4.466502456035308
10357,4.5253625851493675
10359,4.642988468406937
10360,4.4963109008714675
10361,3.3471413230803866
10362,2.3955459662754954
10363,1.914369087263694
10364,1.016782304499829
10365,3.2418368129753765
10366,4.005991193530021
10368,4.8047495674507426
10369,5.006778099701383
10370,5.246662838404773
10371,5.530331485287591
10373,5.4474219388981995
10374,5.501929189451596
10375,5.411391777404752
10376,5.687820210419528
10377,5.27463843991552
10378,4.959880198626624
10379,4.3917959834980085
10380,4.414996915015768
10381,4.279376624802633
10382,3.906651537637254
10383,4.505094263828414
10384,3.9532380661649786
10386,2.616393521020381
10387,1.8732002615632768
10388,0.9565431091727251
10390,3.8410674014966357
10392,4.811450737858949
10393,4.764039936730538
10394,5.346395663997821
10395,5.48038825821744
10396,5.369044977316835
10397,5.307458937674045
10398,5.302456611863405
10399,5.32310704174385
10400,5.581585875992432
10401,5.162329091491111
10403,4.338669290572281
10405,4.419364634324981
10406,4.206036000104802
10407,3.831437516195448
10408,2.0050037666738647
10409,2.048079600871563
10410,1.2217204616394488
10411,1.7643685939143938
10412,3.014239565050039
10413,4.478562239424025
10414,5.3405297158420435
10415,5.758095637326295
10416,5.307667906109987
10417,4.684567746613644
10418,4.74434390524442
10420,4.941999969854559
10421,4.894945249772695
10422,4.978535488865477
10423,5.451194445840628
10424,6.0184159229062315
10425,5.80273580324819
10426,5.497207151086579
10427,4.995688127841145
10428,4.765757779218235
10429,4.390644666920964
10430,3.9392247636861817
10434,2.4291973209511086
10435,1.8898708832759252
10437,1.3464170591105247
10438,3.4249818954226505
10439,4.496792159272376
10440,4.615863915077817
10441,4.313644404870532
10442,4.856386751472157
10443,5.044409261352408
10444,4.584961888807205
10445,4.567989230419342
10446,5.078545176833869
10447,5.252329551810008
10449,5.048716972048876
10450,4.747108361913212
10451,4.417404698025636
10452,4.1885875530110805
10453,4.127782094895387
10454,3.8495909844567313
10455,4.308318974890932
10456,4.155378728140214
10457,3.9876431089818296
10458,2.2277502451114253
10459,1.8556145709737606
10460,2.0938821731226547
10461,2.086916753568988
10463,4.332174696509884
10464,4.694227572987326
10465,4.574414010782758
10466,4.969196239478034
10468,5.203459463334321
10469,5.633442374310559
10470,5.420823471812895
10471,5.448695885420168
10472,5.0624604792655505
10473,5.159825618603446
10476,4.738908762437445
10478,4.110520989390867
10479,4.120458362636789
10480,2.235101016571726
10481,1.3365787563104874
10482,1.0894071238214231
10483,1.2904315861980629
10484,3.065417513592599
10485,4.456665784549561
10486,5.27370422084489
10487,6.034854480713947
10490,4.79218023462812
10491,5.010469491903569
10493,5.1353475366869725
10494,4.939540550625504
10495,5.5967191817935875
10496,5.964640090290301
10499,5.168329663076385
10500,4.782458273457346
10501,4.53427214165973
10503,3.2805073593922525
10504,2.284614756907386
10505,0.9476737927891458
10506,0.7811716739871778
10507,1.427630034738711
10508,3.0205224529515577
10509,4.425462665662129
10510,5.535637821060618
10511,5.945468268986994
10512,5.216956194011935
10514,4.807866737477942
10515,4.930936456797627
10516,5.009125746550651
10517,4.911993196661981
10518,4.953290430319219
10519,5.477066213328864
10520,5.952952749591706
10521,5.923702939712705
10523,5.288897345541858
10524,4.975807064437269
10526,4.163503327947161
10528,2.421649445922422
10529,1.437262097978298
10530,1.2142865699146044
10531,1.3554853254372425
10532,3.226006187581264
10533,4.334242924975794
10535,5.957737372977355
10536,5.374888642024286
10537,4.868899837655531
10538,4.92630157028857
10539,5.047734789208963
10540,4.955896911086008
10541,4.976290157641297
10542,5.033432667943386
10543,5.3175328469130125
10545,5.909386013884455
10546,5.413156990259751
10547,4.79427338401979
10548,4.618020975758458
10549,4.6536333239551375
10550,3.9447257700140543
10551,4.288796445995307
10552,1.683930147541834
10553,1.8024771225172744
10554,1.0688233503694236
10555,1.3591397525474238
10556,2.8344844131817246
10557,4.256406153424906
10558,5.144791425315038
10559,5.529623441104601
10560,4.889307314714502
10561,4.57904807164896
10563,4.756645547241459
10564,4.47294345363569
10565,4.460327668215961
10566,4.491046310944646
10567,4.76966135533346
10569,5.3605495953900535
10570,4.569892407082504
10571,3.9684246303747694
10572,3.9538379318757793
10573,4.237073575661431
10574,3.7631132443481636
10575,3.9456320866538737
10576,1.8971053774975315
10577,1.6278043242294782
10578,0.6666200050178549
10579,0.4852030263919617
10580,2.868086272929476
10581,4.498625442651268
10582,4.832439907287458
10583,6.03201314404635
10584,5.4030807723000525
10585,4.640147157537201
10586,4.235475147597633
10587,4.7577321147667275
10588,3.9814962648171184
10589,4.093188836801579
10590,4.0883682430139885
10591,4.139210799812972
10592,5.759084628226754
10593,5.684921540593845
10594,5.173609174622755
10595,4.408006696046926
10596,3.942993378084669
10597,3.9647589961049605
10598,3.6060346146435114
10600,4.213048947149791
10601,3.8438859703848363
10602,2.9943945996795196
10603,1.804155525979544
10604,1.8232405597506685
10605,1.7515358778783254
10606,3.6821078759949213
10607,4.34984149856306
10608,4.915395217581414
10609,4.763838049622819
10610,4.955206356975417
10615,5.320933030332927
10616,5.151010066840862
10618,4.765913919677908
10619,4.092735542440474
10620,3.939262038157651
10621,4.328734359527308
10623,4.560575925347113
10625,4.093703956306073
10626,3.2927720159479743
10627,1.8349384189814868
10628,2.0082702961086754
10630,4.030784643026352
10631,4.360370229893721
10632,5.041831332408142
10634,5.0318388265743845
10635,5.430661015377507
10636,4.6201929721972235
10638,3.4706926929704895
10639,3.663950715097808
10640,4.136755024072837
10641,3.784636729425813
10642,4.3323237504779835
10643,3.4554358430036234
10645,3.3472659370980242
10646,3.3529901698856777
10647,2.8994175832505773
10648,2.018752806865414
10649,1.2419084565673624
10651,1.31379155051176
10652,2.957233756754787
10653,4.450629098103585
10654,5.403324607457274
10655,6.024993235274377
10656,5.212246636347704
10658,3.787371720261061
10659,3.7107253212124824
10660,3.7575737624519245
10662,4.167455946171122
10663,4.453153736820262
10664,5.908444953152595
10665,5.452550394215926
10666,5.557266882218949
10667,4.321990233383387
10668,4.709053287926003
10669,4.601306793220483
10670,3.8812239801055703
10671,4.383201595852597
10674,1.3433472316210893
10675,1.4552316967611234
10677,4.305975572095299
10679,5.843112532767483
10680,5.2311399133150625
10681,4.462589736730057
10682,4.7056225406700465
10683,4.945054053149892
10686,4.9832154546203125
10687,5.350409111119063
10688,5.660543052487624
10690,5.035748197854087
10691,4.49408426725542
10692,4.317417527551166
10693,4.405134741166549
10695,4.447453065268963
10696,1.3922435073388542
10697,1.3411523165780874
10698,1.0578372274827426
10700,2.8082567449645253
10701,4.322026680642197
10702,5.303902957105066
10703,5.967206585241842
10704,5.408800839208637
10705,4.698218475566132
10706,4.812213233323495
10707,5.160041972459513
10711,5.057805395853065
10712,5.7126599008394
10713,5.666767486294454
10714,5.077328778259282
10715,4.651060169680828
10716,4.528896382504869
10717,4.585561218869397
10718,3.91395846029986
10719,4.314948897771603
10720,1.7420970933426136
10722,1.060507855335233
10723,1.433251455013459
10725,4.256406153424906
10726,5.083862851330572
10727,5.42301496475436
10729,4.656554591576576
10730,4.606002190537924
10732,4.423757012260646
10733,4.420261199176106
10734,4.488388666663364
10736,5.450165489078135
10737,5.424986586030947
10738,4.778431437815481
10739,4.56358564258178
10740,4.248709585430356
10741,4.204049417891967
10742,3.8222488644291106
10743,3.8103677369671067
10744,1.8139318816291903
10745,1.7135892155445023
10747,0.4852030263919617
10748,2.4987695933992002
10749,4.49934926528955
10750,5.60224054741021
10751,6.067167585630629
10752,5.388421111482885
10753,4.5229132739597535
10754,4.33750012800609
10755,5.062444533520656
10756,4.3052482604824185
10758,4.907707618434958
10759,5.314399829847764
10760,5.541847638012521
10761,5.59964324319262
10762,4.886577645455882
10763,4.073420321958333
10764,4.048620306785446
10765,4.204207044887882
10766,4.017179454177736
10767,4.190515290413382
10768,4.173917471874611
10769,3.901271922994133
10770,2.4291973209511086
10771,1.7810113040928577
10772,1.8116674777229969
10775,4.630206509801831
10776,4.602195523871369
10777,4.511487090232031
10778,4.803395976083911
10779,5.5410050093889165
10780,5.314083181164604
10781,5.381640204677627
10782,5.486023630483218
10783,5.386187663539798
10784,5.111730161627458
10785,5.037835256093594
10786,4.586541631051904
10787,4.491156403266952
10788,4.1578044787950095
10791,4.5077013023640475
10792,3.444168731230996
10793,3.9591225107565746
10794,2.2418597592992935
10795,1.7123949937121419
10796,2.0997577537961263
10797,2.313499093206719
10799,4.2984138509664795
10800,4.835112113834339
10801,4.553825297010376
10802,4.767577326197131
10803,5.350659636535622
10804,5.067870042237735
10805,5.041209766826675
10806,5.074632805236884
10808,5.412040903799677
10810,4.1037965327857275
10811,4.811735073505985
10812,4.10417675861956
10813,4.717213723832352
10815,3.7190759066737398
10816,2.1397415770520807
10817,1.2419084565673624
10818,1.0920798345733396
10819,0.11901285105175453
10820,3.0052822242579023
10821,4.399492075999633
10822,5.265941757364577
10823,5.94149926896241
10824,5.265337329874086
10825,4.43359491441135
10826,4.566908024016717
10827,4.160148806654262
10829,4.085647528633107
10830,3.801201188329184
10831,3.922579406469926
10832,5.189021668435804
10833,4.951565220057367
10834,4.650755399480189
10835,4.260557840551012
10836,4.5675476373048385
10837,4.516615341639536
10838,3.5958923458418064
10840,2.313596390405126
10841,1.1065477978879477
10843,1.3932839475383332
10844,3.140734798051337
10845,4.350474880358145
10846,5.2924554412471245
10847,6.010676520125445
10849,4.6768569613290865
10850,4.865000222908382
10852,5.04250669862844
10853,4.977928815333808
10854,5.060074463548584
10855,5.33260285176323
10856,5.885252945319297
10857,5.797737879131202
10858,5.366256329270144
10860,4.402163428966914
10861,4.469862269921191
10862,3.910927901983507
10863,3.8396390188771194
10866,0.7886451871279105
10867,1.3855828653213722
10868,2.78799318715298
10869,4.483300764438478
10871,5.941177348191197
10872,5.453540887618079
10873,4.648334347257855
10874,4.833771349631192
10875,4.987422910504824
10876,4.9050464185301745
10877,4.916283412914307
10878,4.912258617240906
10879,5.3403038046129385
10880,5.935438441649013
10881,5.910934554233495
10882,5.440755930148188
10883,4.240756629995602
10884,4.213276231223841
10885,4.269304650965041
10886,3.8125680131704063
